,indicator,importance
4,meta_1037,0.5215911
1,meta_2475,0.15914151
2,meta_513,0.14037086
0,meta_1598,0.093252786
3,meta_3601,0.08564376
