,y_true,y_pred
0,4.98,4.0054455
1,4.79,3.8369682
2,2.69,2.3337069
3,0.54,2.8888943
4,3.49,3.5713222
5,2.46,2.3102217
6,2.13,2.554557
7,2.78,3.7574487
8,4.77,3.7786636
9,4.19,3.799992
10,2.71,2.40018
11,4.51,3.5868666
12,2.96,2.7198536
13,3.81,3.693329
14,3.67,3.7132568
15,2.37,2.132184
16,2.82,2.3708525
17,4.28,3.6378078
18,1.15,3.63935
