,y_true,y_pred
0,0.72,0.7973313
1,0.97,0.94484335
2,0.73,0.65772957
3,1.21,0.9078723
4,0.5,0.6085602
5,0.81,0.69369984
6,0.61,0.72386396
7,0.87,0.82487434
8,0.78,0.7737958
9,0.82,0.80053854
