,y_true,y_pred
0,4.87,4.364611
1,3.85,4.0597043
2,2.69,2.756264
3,3.54,3.8558214
4,3.47,3.9212623
5,2.46,2.8461502
6,2.13,2.584146
7,4.77,4.84577
8,4.15,3.3689167
9,5.81,4.8567314
