,y_true,y_pred
0,2.39,2.3288906
1,2.39,2.302134
2,2.0,2.0271978
3,2.03,2.3266764
4,1.82,1.9323137
5,1.51,1.6439211
6,1.47,1.7120817
7,2.28,2.0207336
8,2.17,1.9603269
9,2.58,2.1885965
