,y_true,y_pred
0,1.09,0.92257315
1,0.77,0.92891705
2,0.61,0.53763366
3,0.85,0.9455124
4,0.68,0.8758629
5,0.46,0.7216429
6,0.51,0.66580206
7,1.04,1.1385683
8,0.82,0.7365453
9,1.39,1.1521814
