,y_true,y_pred
0,0.8,1.1152266
1,1.87,1.8854355
2,0.81,0.81590104
3,1.59,1.4033225
4,1.3,1.2586704
5,1.33,1.5852263
6,0.67,1.0921371
7,1.05,1.4109132
8,1.14,1.16462
9,1.36,1.5254614
