,y_true,y_pred
0,0.8,1.1271358
1,1.87,1.8732806
2,0.81,0.8037462
3,1.59,1.4152316
4,1.3,1.2465156
5,1.33,1.5971354
6,0.67,1.0799823
7,1.05,1.4615555
8,1.14,1.1524652
9,1.36,1.5373706
